filename,tp,fp,fn,tn,gt_foreground,pred_foreground,iou,pixel_f1
F_FAP1_00000-1.png,3063,58917,14,27407,3077,61980,0.04940800722650579,0.09416357963017047
F_FAP1_00000-2.png,4340,5777,2408,76876,6748,10117,0.3465069860279441,0.5146753631781796
F_FAP1_00000-3.png,34254,49483,549,5115,34803,83737,0.40640201219656885,0.5779314999156403
F_FAP1_00001-1.png,3781,71497,0,14123,3781,75278,0.05022715800100959,0.09565008411439557
F_FAP1_00001-2.png,6399,76327,302,6373,6701,82726,0.07707038589391531,0.14311114093059144
F_FAP1_00001-3.png,17113,51363,4079,16846,21192,68476,0.2358624491764868,0.38169692643975556
F_FAP1_00002-1.png,2989,76935,5,9472,2994,79924,0.037395688673697906,0.07209532309028197
F_FAP1_00002-2.png,4,11189,11866,66342,11870,11193,0.00017346806019341687,0.00034687594848892164
F_FAP1_00002-3.png,6744,63731,330,18596,7074,70475,0.09524751076901349,0.17392874182774762
F_FAP1_00003-1.png,2643,68657,4,18097,2647,71300,0.037066644227532815,0.07148363016755244
F_FAP1_00003-2.png,3454,65287,10,20650,3464,68741,0.05023926924699277,0.09567204487223877
F_FAP1_00003-3.png,13165,58653,4,17579,13169,71818,0.18330038149870514,0.3098120889077153
F_FAP1_00004-1.png,18338,46949,1488,22626,19826,65287,0.274623736428304,0.4309094967866248
F_FAP1_00004-2.png,2246,60670,17,26468,2263,62916,0.03568874835142135,0.06891790300556928
F_FAP1_00004-3.png,22624,51568,113,15096,22737,74192,0.30447479981158737,0.4668159168050841
F_FAP1_00005-1.png,0,1649,368,87384,368,1649,0.0,0.0
F_FAP1_00005-2.png,2089,63822,73,23417,2162,65911,0.031659190106692534,0.06137528829344968
F_FAP1_00005-3.png,42632,19713,196,26860,42828,62345,0.6816648278729154,0.8107023665769731
F_FAP1_00006-1.png,44,79648,0,9709,44,79692,0.0005521256838829494,0.0011036420186615833
F_FAP1_00006-2.png,4281,72022,0,13098,4281,76303,0.05610526453743627,0.10624937952943513
F_FAP1_00006-3.png,26372,53374,186,9469,26558,79746,0.32993044087474355,0.4961619506321493
F_FAP1_00007-1.png,2771,75728,0,10902,2771,78499,0.035299812736467984,0.06819244493663099
F_FAP1_00007-2.png,4742,72200,2,12457,4744,76942,0.06162923684757746,0.11610312660676247
F_FAP1_00007-3.png,42657,38440,154,8150,42811,81097,0.5250027691966868,0.6885269716241083
F_FAP1_00008-1.png,15564,1938,1698,70201,17262,17502,0.810625,0.8954090438384535
F_FAP1_00008-2.png,11137,63054,316,14894,11453,74191,0.1494758881715812,0.26007659614216994
F_FAP1_00008-3.png,13448,51137,609,24207,14057,64585,0.2062766512255729,0.34200554411128914
F_FAP1_00009-1.png,441,50145,2,38813,443,50586,0.008717482406894916,0.017284289325677556
F_FAP1_00009-2.png,6497,37869,8706,36329,15203,44366,0.12241860114561351,0.21813359297621246
F_FAP1_00009-3.png,1600,52547,4208,31046,5808,54147,0.02741838745608774,0.053373363355850224
F_FAP1_00010-1.png,5512,54731,101,29057,5613,60243,0.09134296698926157,0.1673955296404276
F_FAP1_00010-2.png,1767,200,12078,75356,13845,1967,0.12580989676041296,0.22350113837591704
F_FAP1_00010-3.png,29564,47540,1057,11240,30621,77104,0.3782449047478922,0.5488790902761662
F_FAP1_00011-1.png,8177,78018,1641,1565,9818,86195,0.09309394781183114,0.17033110099674004
F_FAP1_00011-2.png,9662,78970,38,731,9700,88632,0.10896582835231758,0.19651791888703576
F_FAP1_00011-3.png,27772,61016,26,587,27798,88788,0.3126984484428131,0.4764208395519188
F_FAP1_00012-1.png,12657,75308,44,1392,12701,87965,0.143814837118931,0.2514652414916655
F_FAP1_00012-2.png,8728,78173,1,2499,8729,86901,0.10043497272790039,0.182536860817735
F_FAP1_00012-3.png,20216,68233,73,879,20289,88449,0.22837260793926933,0.371829535213081
F_FAP1_00013-1.png,13871,70429,0,5101,13871,84300,0.16454329774614473,0.282588544478512
F_FAP1_00013-2.png,1600,85123,60,2618,1660,86723,0.018436790615673576,0.03620605772603329
F_FAP1_00013-3.png,21447,65272,121,2561,21568,86719,0.24697144173192076,0.39611403030834724
F_FAP1_00014-1.png,959,82676,9,5757,968,83635,0.011465257519965568,0.022670590877392056
F_FAP1_00014-2.png,28637,48012,418,12334,29055,76649,0.37158576303735713,0.5418338000454098
F_FAP1_00014-3.png,10775,64981,1501,12144,12276,75756,0.1394695626286291,0.24479734641948384
F_FAP1_00015-1.png,665,79085,11,9640,676,79750,0.008337408006419177,0.016536940790291697
F_FAP1_00015-2.png,98,74555,65,14683,163,74653,0.0013115982761851227,0.002619760479041916
F_FAP1_00015-3.png,13229,63634,428,12110,13657,76863,0.1711583496137972,0.2922889969067609
F_FAP1_00016-1.png,0,7130,5121,77150,5121,7130,0.0,0.0
F_FAP1_00016-2.png,7270,52192,579,29360,7849,59462,0.12108392598391099,0.21601224168412295
F_FAP1_00016-3.png,17091,64833,2762,4715,19853,81924,0.20181612072833763,0.33585191153207505
F_FAP1_00017-1.png,2425,68364,0,18612,2425,70789,0.03425673480342991,0.06624416095282323
F_FAP1_00017-2.png,321,70440,17,18623,338,70761,0.004535307581451864,0.009029662864456603
F_FAP1_00017-3.png,5370,63953,509,19569,5879,69323,0.07689884293733532,0.14281535065556766
F_FAP1_00018-1.png,450,72216,0,16735,450,72666,0.00619271736437949,0.012309207287050714
F_FAP1_00018-2.png,12533,63883,769,12216,13302,76416,0.1623761093476712,0.27938652221404847
F_FAP1_00018-3.png,30230,57765,41,1365,30271,87995,0.3433822527147985,0.5112204691120018
F_FAP1_00019-1.png,1676,43432,9308,34985,10984,45108,0.030799764775066157,0.05975896741068245
F_FAP1_00019-2.png,15619,51027,427,22328,16046,66646,0.23286568365810387,0.37776326609587385
F_FAP1_00019-3.png,18925,50776,322,19378,19247,69701,0.2702683404024392,0.42552952286729323
F_FAP1_00020-1.png,1298,81448,2,6653,1300,82746,0.01568617972639822,0.03088784713133284
F_FAP1_00020-2.png,4425,52434,0,32542,4425,56859,0.07782409117290139,0.1444096338359115
F_FAP1_00020-3.png,42090,46779,4,528,42094,88869,0.47359715549154413,0.6427769675404503
F_FAP1_00021-1.png,14945,54601,521,19334,15466,69546,0.21329584540511226,0.3515974215404884
F_FAP1_00021-2.png,9597,72691,630,6483,10227,82288,0.11574085240840348,0.20746905907150193
F_FAP1_00021-3.png,15889,54539,306,18667,16195,70428,0.2246303050866627,0.3668540687808088
F_FAP1_00022-1.png,25094,48387,444,15476,25538,73481,0.3394521474467366,0.5068522202809562
F_FAP1_00022-2.png,8,17511,12508,59374,12516,17519,0.0002664268824724415,0.0005327118361911103
F_FAP1_00022-3.png,35,10671,19838,58857,19873,10706,0.0011458878994237821,0.0022891526864841885
F_FAP1_00023-1.png,5533,58772,572,24524,6105,64305,0.08528446136535289,0.1571651754012214
F_FAP1_00023-2.png,2598,63147,9,23647,2607,65745,0.039510904279587554,0.07601825842696629
F_FAP1_00023-3.png,14832,52039,4111,18419,18943,66871,0.20895438280127357,0.3456778614212133
F_FAP1_00024-1.png,7,62291,2,27101,9,62298,0.00011235955056179776,0.00022469385462307607
F_FAP1_00024-2.png,4359,69708,1887,13447,6246,74067,0.057389999210048184,0.10855029696313175
F_FAP1_00024-3.png,16059,36617,19019,17706,35078,52676,0.2239905153776414,0.36600041023770996
F_FAP1_00025-1.png,15,183,7667,81536,7682,198,0.0019071837253655435,0.0038071065989847717
F_FAP1_00025-2.png,3535,60307,0,25559,3535,63842,0.055371072334826604,0.10493195007198303
F_FAP1_00025-3.png,13672,49037,351,26341,14023,62709,0.2168093878845544,0.35635719126309756
F_FAP1_00026-1.png,622,86816,0,1963,622,87438,0.007113611930739496,0.014126731773790598
F_FAP1_00026-2.png,7098,80207,39,2057,7137,87305,0.08126488367832936,0.15031447872768472
F_FAP1_00026-3.png,13271,74123,68,1939,13339,87394,0.15173446754018888,0.263488628354164
F_FAP1_00027-1.png,95,48286,974,40046,1069,48381,0.0019248303110120555,0.0038422649140546004
F_FAP1_00027-2.png,6855,26630,49716,6200,56571,33485,0.08239083664859798,0.15223860708892245
F_FAP1_00027-3.png,26433,10660,22908,29400,49341,37093,0.44054265762237294,0.6116343105722285
F_FAP1_00028-1.png,5705,58244,0,25452,5705,63949,0.08921171558585748,0.1638096878858357
F_FAP1_00028-2.png,16504,56167,38,16692,16542,72671,0.22698703049141097,0.3699909206057413
F_FAP1_00028-3.png,3922,67163,0,18316,3922,71085,0.05517338397692903,0.10457690615542549
F_FAP1_00029-1.png,1713,27180,2388,58120,4101,28893,0.054761676416994344,0.1038370612838698
F_FAP1_00029-2.png,460,21710,16293,50938,16753,22170,0.011959545537269583,0.023636410348637053
F_FAP1_00029-3.png,11704,69363,116,8218,11820,81067,0.14416811401401772,0.25200512450612034
F_FAP1_00030-1.png,39,999,5580,82783,5619,1038,0.0058930190389845875,0.011716989634970707
F_FAP1_00030-2.png,22066,56764,489,10082,22555,78830,0.27819311892484777,0.43529121664940573
F_FAP1_00030-3.png,2065,41,27241,60054,29306,2106,0.07036494360582002,0.13147841589201578
F_FAP1_00031-1.png,4687,67825,10,16879,4697,72512,0.06462866440528392,0.12141071636726289
F_FAP1_00031-2.png,5467,70753,1,13180,5468,76220,0.07172563991550884,0.13385074919204779
F_FAP1_00031-3.png,14476,57983,417,16525,14893,72459,0.19863878368735935,0.33144060811429615
F_FAP1_00032-1.png,16793,68551,90,3967,16883,85344,0.1965610880913922,0.3285433398221605
F_FAP1_00032-2.png,14385,70338,185,4493,14570,84723,0.1694186649079003,0.28974852205089985
F_FAP1_00032-3.png,20252,53003,2849,13297,23101,73255,0.26610953432145484,0.4203578396778613
F_FAP1_00033-1.png,2682,75290,0,11429,2682,77972,0.03439696301236341,0.06650631090832444
F_FAP1_00033-2.png,2453,85360,0,1588,2453,87813,0.027934360516096705,0.054350475262003414
F_FAP1_00033-3.png,10520,77121,82,1678,10602,87641,0.11992293925196357,0.21416284111845119
F_FAP1_00034-1.png,2563,76251,0,10587,2563,78814,0.03251960311619763,0.06299077134816963
F_FAP1_00034-2.png,7877,74084,114,7326,7991,81961,0.09597319524824856,0.1751378512984703
F_FAP1_00034-3.png,29164,55688,791,3758,29955,84852,0.34052987401188656,0.5080526448735704
F_FAP1_00035-1.png,0,3380,758,85263,758,3380,0.0,0.0
F_FAP1_00035-2.png,5593,59389,8,24411,5601,64982,0.08605939375288506,0.15848008727313942
F_FAP1_00035-3.png,14826,50074,4984,19517,19810,64900,0.21215156545131933,0.35004131743595795
F_FAP1_00036-1.png,20231,48554,3211,17405,23442,68785,0.28100172231790654,0.43872184934997344
F_FAP1_00036-2.png,2358,63290,11,23742,2369,65648,0.03591282230920361,0.06933560727465192
F_FAP1_00036-3.png,17667,48542,256,22936,17923,66209,0.26580907244414353,0.41998288403936673
F_FAP1_00037-1.png,2716,57305,6829,22551,9545,60021,0.0406282722513089,0.07808412155363252
F_FAP1_00037-2.png,5603,77942,302,5554,5905,83545,0.0668240962705881,0.12527669088876467
F_FAP1_00037-3.png,8515,56398,8899,15589,17414,64913,0.11536064596542568,0.20685801741834392
F_FAP1_00038-1.png,6901,57953,11,24536,6912,64854,0.10639019502042704,0.1923194827634256
F_FAP1_00038-2.png,1562,345,12049,75445,13611,1907,0.1119231871596446,0.20131460239721613
F_FAP1_00038-3.png,27086,36932,62,25321,27148,64018,0.42269038701622974,0.5942127547550622
F_FAP1_00039-1.png,474,8790,7517,72620,7991,9264,0.028246230856325605,0.054940596928426545
F_FAP1_00039-2.png,8731,64770,968,14932,9699,73501,0.11724341672373739,0.20987980769230768
F_FAP1_00039-3.png,45264,28100,173,15864,45437,73364,0.6155268776262289,0.7620137877627293
F_FAP1_00040-1.png,424,11676,5632,71669,6056,12100,0.023911572298669075,0.04670632297862965
F_FAP1_00040-2.png,8948,12450,1894,66109,10842,21398,0.3841662373347072,0.5550868486352357
F_FAP1_00040-3.png,49893,36732,305,2471,50198,86625,0.5739445530886921,0.7293072071216097
F_FAP1_00041-1.png,8011,58365,624,22401,8635,66376,0.11956716417910447,0.21359533935022865
F_FAP1_00041-2.png,365,59820,431,28785,796,60185,0.006021512471954599,0.011970941768747643
F_FAP1_00041-3.png,134,765,13105,75397,13239,899,0.009568694658668952,0.018956005092658084
F_FAP1_00042-1.png,954,77195,20,11232,974,78149,0.012204326523302077,0.024114353601354853
F_FAP1_00042-2.png,743,75595,0,13063,743,76338,0.009733029421782075,0.019278421400864026
F_FAP1_00042-3.png,20593,59384,773,8651,21366,79977,0.2550216718266254,0.40640202085985216
F_FAP1_00043-1.png,675,59201,110,29415,785,59876,0.01125262561264295,0.02225482600023079
F_FAP1_00043-2.png,7098,78438,1983,1882,9081,85536,0.08110238919548898,0.15003646279209867
F_FAP1_00043-3.png,26587,36362,11455,14997,38042,62949,0.35733293908929625,0.5265221653414661
F_FAP1_00044-1.png,2828,77547,1,9025,2829,80375,0.03518463222852593,0.06797750108167877
F_FAP1_00044-2.png,5590,69940,219,13652,5809,75530,0.07379635374724419,0.1374494399980329
F_FAP1_00044-3.png,20277,56766,291,12067,20568,77043,0.26220032585925984,0.4154654700802164
F_FAP1_00045-1.png,7182,55230,184,26805,7366,62412,0.11473576586363346,0.20585284760239617
F_FAP1_00045-2.png,3942,82986,30,2443,3972,86928,0.04533222935210102,0.08673267326732673
F_FAP1_00045-3.png,19984,62082,2379,4956,22363,82066,0.23665107466398247,0.3827289354489653
F_FAP1_00046-1.png,73,77084,0,12244,73,77157,0.0009461228404422153,0.0018904570762656998
F_FAP1_00046-2.png,5402,73252,31,10716,5433,78654,0.06865349177098558,0.12848597286144112
F_FAP1_00046-3.png,21950,56614,310,10527,22260,78564,0.27829195932753503,0.4354122034436245
F_FAP1_00047-1.png,7458,71270,50,10623,7508,78728,0.09467110106882633,0.17296720627116285
F_FAP1_00047-2.png,7887,71136,0,10378,7887,79023,0.09980638548270757,0.1814981014842941
F_FAP1_00047-3.png,16262,63461,448,9230,16710,79723,0.20284142645096107,0.33727043646884364
F_FAP1_00048-1.png,41143,39603,3101,5554,44244,80746,0.49069137834388826,0.6583406672533803
F_FAP1_00048-2.png,1314,67833,66,20188,1380,69147,0.018984872784014565,0.037262325066995616
F_FAP1_00048-3.png,39037,40255,37,10072,39074,79292,0.4920899040703904,0.6595981954277411
F_FAP1_00049-1.png,567,62609,6399,19826,6966,63176,0.008149478979518504,0.01616720367254997
F_FAP1_00049-2.png,1569,372,12188,75272,13757,1941,0.11104819874017977,0.19989807618804945
F_FAP1_00049-3.png,17484,56930,454,14533,17938,74414,0.23353101458567077,0.37863825363825365
F_FAP1_00050-1.png,15093,64542,77,9689,15170,79635,0.18934413890004015,0.3184009282210854
F_FAP1_00050-2.png,4749,74372,14,10266,4763,79121,0.06001137297024073,0.11322779075866674
F_FAP1_00050-3.png,19274,58439,93,11595,19367,77713,0.24771868493432384,0.3970745776679028
F_FAP1_00051-1.png,912,66823,77,21589,989,67735,0.013448947089010795,0.026540946394272742
F_FAP1_00051-2.png,4857,60260,2,24282,4859,65117,0.07458652620586925,0.13881902366525667
F_FAP1_00051-3.png,24063,38724,10829,15785,34892,62787,0.3268718756792002,0.49269546166525047
F_FAP1_00052-1.png,9856,71922,2,7621,9858,81778,0.12051846417216923,0.21511196473001876
F_FAP1_00052-2.png,6364,75203,0,7834,6364,81567,0.07802174899162652,0.14474986068621987
F_FAP1_00052-3.png,11379,70750,7,7265,11386,82129,0.13853852147657544,0.2433620274822221
F_FAP1_00053-1.png,634,58915,4,29848,638,59549,0.010645979211794537,0.02106767242095469
F_FAP1_00053-2.png,8131,52856,164,28250,8295,60987,0.1329659367794476,0.23472186137813575
F_FAP1_00053-3.png,2119,44161,7801,35320,9920,46280,0.03918196778905716,0.07540925266903914
F_FAP1_00054-1.png,2840,79166,4,7391,2844,82006,0.03462992318009999,0.06694166175604008
F_FAP1_00054-2.png,17933,54603,7,16858,17940,72536,0.2472051059371683,0.3964145187674079
F_FAP1_00054-3.png,20529,51920,6619,10333,27148,72449,0.2596372742449537,0.41224133257025813
F_FAP1_00055-1.png,1674,77614,20,10093,1694,79288,0.021107580571947344,0.041342520560124475
F_FAP1_00055-2.png,13013,49233,72,27083,13085,62246,0.20881607240283706,0.34548857707982106
F_FAP1_00055-3.png,16890,56498,291,15722,17181,73388,0.22923763894732557,0.37297530059954287
F_FAP1_00056-1.png,1231,24751,2933,60486,4164,25982,0.042573058965934635,0.08166920984541896
F_FAP1_00056-2.png,925,56246,0,32230,925,57171,0.016179531580696505,0.03184384467088956
F_FAP1_00056-3.png,6885,50407,192,31917,7077,57292,0.11977245842321342,0.21392285106184655
F_FAP1_00057-1.png,17813,42725,3490,25373,21303,60538,0.2782064096957581,0.43530748646766293
F_FAP1_00057-2.png,19,60401,244,28737,263,60420,0.0003132005802452855,0.0006262050327109734
F_FAP1_00057-3.png,15663,51888,2441,19409,18104,67551,0.22378271802491714,0.3657229583795458
F_FAP1_00058-1.png,3426,63250,0,22725,3426,66676,0.05138280640710301,0.09774328835125959
F_FAP1_00058-2.png,5058,64018,8,20317,5066,69076,0.07321521625846796,0.13644088370963825
F_FAP1_00058-3.png,11012,57614,123,20652,11135,68626,0.16017687530000435,0.2761249232080841
F_FAP1_00059-1.png,6486,5943,21899,55073,28385,12429,0.18894197156839898,0.3178321164306365
F_FAP1_00059-2.png,47,40503,5374,43477,5421,40550,0.0010234300148070725,0.002044767353331448
F_FAP1_00059-3.png,14681,46274,5952,22494,20633,60955,0.21942397656448503,0.35988135510124036
F_FAP1_00060-1.png,1123,85769,0,2509,1123,86892,0.012924089674538508,0.025518377549281372
F_FAP1_00060-2.png,5883,80997,0,2521,5883,86880,0.06771408839779006,0.1268393648329614
F_FAP1_00060-3.png,13102,72471,528,3300,13630,85573,0.15217012578251124,0.26414523754321945
F_FAP1_00061-1.png,0,46125,0,43276,0,46125,0.0,0.0
F_FAP1_00061-2.png,3670,52899,0,32832,3670,56569,0.06487652247697502,0.12184797224389515
F_FAP1_00061-3.png,37066,28647,2219,21469,39285,65713,0.5456338691632809,0.706032495857064
F_FAP1_00062-1.png,5425,62721,1474,19781,6899,68146,0.07792301062912955,0.1445799187154374
F_FAP1_00062-2.png,1656,67900,102,19743,1758,69556,0.02377329237129978,0.04644249375999102
F_FAP1_00062-3.png,24568,57622,448,6763,25016,82190,0.2972966431907839,0.45833255601365597
F_FAP1_00063-1.png,21514,63509,214,4164,21728,85023,0.2524021258373711,0.4030688237112533
F_FAP1_00063-2.png,13791,72603,155,2852,13946,86394,0.15934326219829228,0.2748853896751046
F_FAP1_00063-3.png,41933,43256,164,4048,42097,85189,0.4912891169613253,0.6588784312493126
F_FAP1_00064-1.png,9685,64995,506,14215,10191,74680,0.128813874923523,0.22822872359227533
F_FAP1_00064-2.png,1525,54207,6710,26959,8235,55732,0.024422664232407673,0.04768083543076899
F_FAP1_00064-3.png,20671,52938,116,15676,20787,73609,0.28037978975924044,0.4379634730285182
F_FAP1_00065-1.png,0,27,358,89016,358,27,0.0,0.0
F_FAP1_00065-2.png,437,65834,0,23130,437,66271,0.006594136198337131,0.013101876836361456
F_FAP1_00065-3.png,30296,35918,71,23116,30367,66214,0.4570566493173418,0.6273697725225459
F_FAP1_00066-1.png,1688,85197,0,2516,1688,86885,0.019427979513149566,0.03811545279035372
F_FAP1_00066-2.png,1884,85296,11,2210,1895,87180,0.021607734743264786,0.0423014313780522
F_FAP1_00066-3.png,48449,39155,175,1622,48624,87604,0.5519429476298431,0.7112928326041636
F_FAP1_00067-1.png,0,82,4191,85128,4191,82,0.0,0.0
F_FAP1_00067-2.png,5387,65475,16,18523,5403,70862,0.07600383758006715,0.14127056972398871
F_FAP1_00067-3.png,18723,41307,15168,14203,33891,60030,0.24898268570972631,0.3986967770786086
F_FAP1_00068-1.png,8688,78021,0,2692,8688,86709,0.10019721136214234,0.18214409258152772
F_FAP1_00068-2.png,5549,81157,0,2695,5549,86706,0.06399787788619012,0.12029700287247304
F_FAP1_00068-3.png,17680,30531,15066,26124,32746,48211,0.27940641939409266,0.43677507812789507
F_FAP1_00069-1.png,5719,81465,30,2187,5749,87184,0.06557433439585388,0.12307791634833698
F_FAP1_00069-2.png,3947,83643,0,1811,3947,87590,0.04506222171480763,0.08623835170477512
F_FAP1_00069-3.png,21538,65099,703,2061,22241,86637,0.24659949622166247,0.3956354819155385
F_FAP1_00070-1.png,11615,55398,44,22344,11659,67013,0.17321085047049525,0.29527659141753104
F_FAP1_00070-2.png,11486,55276,927,21712,12413,66762,0.1696878370193089,0.2901420903062836
F_FAP1_00070-3.png,11208,56843,618,20732,11826,68051,0.16321775473648953,0.280631470886488
F_FAP1_00071-1.png,21590,58361,178,9272,21768,79951,0.2694405271499707,0.42450279692092924
F_FAP1_00071-2.png,331,79769,13,9288,344,80100,0.004131664024565301,0.008229327233852122
F_FAP1_00071-3.png,13501,68554,579,6767,14080,82055,0.16338311106808334,0.2808758516669267
F_FAP1_00072-1.png,5706,83013,3,679,5709,88719,0.0643132481233516,0.12085398398780023
F_FAP1_00072-3.png,37954,50062,20,1365,37974,88016,0.431119087645963,0.6024922612905786
F_FAP1_00073-1.png,2250,59848,2152,25151,4402,62098,0.03501945525291829,0.06766917293233082
F_FAP1_00073-2.png,5332,53315,22,30732,5354,58647,0.0908827489815746,0.16662239652505428
F_FAP1_00073-3.png,23681,38690,5393,21637,29074,62371,0.3494628416268225,0.5179288096670129
F_FAP1_00074-1.png,5879,46533,3360,33629,9239,52412,0.10541131750699276,0.19071872313506674
F_FAP1_00074-2.png,4726,72718,73,11884,4799,77444,0.06096727169524104,0.11492771421275975
F_FAP1_00074-3.png,14912,55055,1337,18097,16249,69967,0.2091327274767194,0.3459218706504593
F_FAP1_00075-1.png,1135,74523,21,13722,1156,75658,0.014997555464527808,0.029551904600723825
F_FAP1_00075-2.png,8592,75711,0,5098,8592,84303,0.10191808120707448,0.18498304537380914
F_FAP1_00075-3.png,15184,68977,83,5157,15267,84161,0.18023835525378662,0.3054270426841534
F_FAP1_00076-1.png,6834,59835,434,22298,7268,66669,0.10184343471975918,0.18486008358467343
F_FAP1_00076-2.png,70,60725,8,28598,78,60795,0.001151258983931714,0.0022998702216089234
F_FAP1_00076-3.png,15401,50574,559,22867,15960,65975,0.23147563651666817,0.3759321413315433
F_FAP1_00077-1.png,55,3212,1090,85044,1145,3267,0.012623364700481983,0.024932003626473256
F_FAP1_00077-2.png,28415,39030,3806,18150,32221,67445,0.39880142033094274,0.5702044829731302
F_FAP1_00077-3.png,13791,54285,508,20817,14299,68076,0.20108188498775226,0.334834597875569
F_FAP1_00078-1.png,4598,66346,0,18457,4598,70944,0.06481168245376635,0.12173360514680576
F_FAP1_00078-2.png,14011,71275,0,4115,14011,85286,0.16428253171681167,0.28220389337039387
F_FAP1_00078-3.png,20555,63007,13,5826,20568,83562,0.2459467544122046,0.3947949678286757
F_FAP1_00079-1.png,6450,73446,56,9449,6506,79896,0.08067340404242546,0.14930209948843776
F_FAP1_00079-2.png,8636,72911,143,7711,8779,81547,0.10571673399436896,0.1912184753005779
F_FAP1_00079-3.png,10571,59131,9522,10177,20093,69702,0.13343178834696556,0.2354474079848544
F_FAP1_00080-1.png,600,83607,10,5184,610,84207,0.007124452307728843,0.014148107101170756
F_FAP1_00080-2.png,3195,83127,0,3079,3195,86322,0.03701258080211302,0.07138308924561815
F_FAP1_00080-3.png,25173,39994,4749,19485,29922,65167,0.36004634132387436,0.529461872561495
F_FAP1_00081-1.png,12505,69025,1958,5913,14463,81530,0.1497820045994634,0.2605398310293459
F_FAP1_00081-2.png,959,77477,56,10909,1015,78436,0.012217805636243185,0.02414066531572919
F_FAP1_00081-3.png,12429,65799,210,10963,12639,78228,0.15845636043754302,0.2735646604377827
F_FAP1_00082-2.png,11,431,1716,87243,1727,442,0.005097312326227989,0.010142923005993546
F_FAP1_00082-3.png,3116,73244,264,12777,3380,76360,0.04066610983503863,0.0781540005016303
F_FAP1_00083-1.png,14700,59664,316,14721,15016,74364,0.19683985002678092,0.3289326471246364
F_FAP1_00083-2.png,9828,64346,0,15227,9828,74174,0.13249925850028313,0.23399442870407847
F_FAP1_00083-3.png,20162,53256,159,15824,20321,73418,0.2740258504695761,0.4301731403151303
F_FAP1_00084-1.png,7882,58710,6,22803,7888,66592,0.11835190245953332,0.21165413533834587
F_FAP1_00084-2.png,828,60929,64,27580,892,61757,0.013393507060707526,0.026432983766700186
F_FAP1_00084-3.png,21460,43297,815,23829,22275,64757,0.32727383639358265,0.49315194411251034
F_FAP1_00085-1.png,8700,53573,958,26170,9658,62273,0.1375907387199317,0.24189848604913042
F_FAP1_00085-2.png,5,4905,217,84274,222,4910,0.0009752291788570314,0.0019485580670303975
F_FAP1_00085-3.png,11834,159,9681,67727,21515,11993,0.5459998154470794,0.7063387847678166
F_FAP1_00086-1.png,1361,83380,0,4660,1361,84741,0.016060702611486767,0.03161366751062693
F_FAP1_00086-2.png,14535,70139,0,4727,14535,84674,0.17165836029950163,0.2930177705651705
F_FAP1_00086-3.png,21823,62471,31,5076,21854,84294,0.25879632374740585,0.41118061574405546
F_FAP1_00087-1.png,654,71363,0,17384,654,72017,0.009081189163669689,0.017998926669510532
F_FAP1_00087-2.png,1542,76605,0,11254,1542,78147,0.019732043456562633,0.038700447991567216
F_FAP1_00087-3.png,23747,45597,2838,17219,26585,69344,0.32898783630267936,0.4950953309218276
F_FAP1_00088-1.png,4580,65809,139,18873,4719,70389,0.06493874773139746,0.12195771422484955
F_FAP1_00088-2.png,10174,60716,106,18405,10280,70890,0.14330384810411853,0.2506837501539978
F_FAP1_00088-3.png,41855,27924,560,19062,42415,69779,0.5950468445670254,0.7461183307485248
F_FAP1_00089-1.png,13253,37203,300,38645,13553,50456,0.261111986760186,0.4140980174662938
F_FAP1_00089-2.png,3223,47939,160,38079,3383,51162,0.0627995791278594,0.118177651480429
F_FAP1_00089-3.png,22994,30898,29,35480,23023,53892,0.4264386788078856,0.5979067802119222
F_FAP1_00090-1.png,0,1178,21744,66479,21744,1178,0.0,0.0
F_FAP1_00090-2.png,1263,86979,74,1085,1337,88242,0.014300919425698628,0.028198573326337645
F_FAP1_00090-3.png,24644,55769,125,8863,24769,80413,0.3059922024386004,0.46859728850944077
F_FAP1_00091-1.png,1202,76222,0,11977,1202,77424,0.01552490183922298,0.03057512782031389
F_FAP1_00091-2.png,5759,65012,30,18600,5789,70771,0.08134065903023968,0.15044409613375131
F_FAP1_00091-3.png,2430,5611,27334,54026,29764,8041,0.06869257950530035,0.12855442401798703
F_FAP1_00092-1.png,2608,62280,0,24513,2608,64888,0.04019233140180002,0.07727865354984
F_FAP1_00092-2.png,3307,61386,110,24598,3417,64693,0.051031588043763405,0.09710762002642784
F_FAP1_00092-3.png,5509,59231,7,24654,5516,64740,0.0850850232443202,0.15682646322022317
F_FAP1_00093-1.png,13429,56154,245,19573,13674,69583,0.1923154035630406,0.3225914938083284
F_FAP1_00093-2.png,29340,43517,435,16109,29775,72857,0.40031654205097417,0.5717515005066646
F_FAP1_00093-3.png,394,239,27790,60978,28184,633,0.013862013158357668,0.027344969982996147
F_FAP1_00094-1.png,1183,66853,2706,18659,3889,68036,0.016722738966950326,0.032895377128953775
F_FAP1_00094-2.png,16655,62282,114,10350,16769,78937,0.2106867718308434,0.34804505464652163
F_FAP1_00094-3.png,12708,65963,175,10555,12883,78671,0.1611749486340461,0.27760665836555476
F_FAP1_00095-1.png,4940,60696,13,23752,4953,65636,0.07524867096223857,0.13996515037753757
F_FAP1_00095-2.png,7913,64769,33,16686,7946,72682,0.10882211373169222,0.19628416927122092
F_FAP1_00095-3.png,26924,50018,794,11665,27718,76942,0.3463517546567871,0.5145041085419454
F_FAP1_00096-1.png,2240,56183,0,30978,2240,58423,0.038341064306865444,0.07385061734500437
F_FAP1_00096-2.png,10720,62068,68,16545,10788,72788,0.14713956297353684,0.2565329759739638
F_FAP1_00096-3.png,29393,44864,250,14894,29643,74257,0.3944998456520864,0.5657940327237728
F_FAP1_00097-1.png,3278,52107,120,33896,3398,55385,0.0590577425457166,0.11152884337308405
F_FAP1_00097-2.png,4567,39683,5398,39753,9965,44250,0.091987592652272,0.16847735866457622
F_FAP1_00097-3.png,22678,53070,428,13225,23106,75748,0.2977053140096618,0.45881805490926014
F_FAP1_00098-1.png,22353,49050,16967,1031,39320,71403,0.2529478329749915,0.403764348870605
F_FAP1_00098-2.png,30474,40490,17252,1185,47726,70964,0.3454475378616124,0.5135057713370966
F_FAP1_00098-3.png,37914,34585,15535,1367,53449,72499,0.43067451212031715,0.6020579921872519
F_FAP1_00099-1.png,2083,87015,0,303,2083,89098,0.023378751487126533,0.04568934317456488
F_FAP1_00099-2.png,4870,83258,44,1229,4914,88128,0.05523295377217257,0.10468390619290213
F_FAP1_00099-3.png,14826,58339,9524,6712,24350,73165,0.17929833472408663,0.30407629595446856
F_FAP1_00100-1.png,1124,73784,0,14493,1124,74908,0.015005072889411011,0.029566498316498317
F_FAP1_00100-2.png,14198,61026,172,14005,14370,75224,0.1883123773144464,0.31694086657588677
F_FAP1_00100-3.png,25594,49612,111,14084,25705,75206,0.3398170399776943,0.5072588716790043
F_FAP1_00101-1.png,2699,67327,63,19312,2762,70026,0.03850818245373739,0.07416057591910755
F_FAP1_00101-2.png,5995,64250,8,19148,6003,70245,0.08533443411669253,0.1572500262301962
F_FAP1_00101-3.png,17380,51551,11801,8669,29181,68931,0.2152801862953971,0.35428897586431835
F_FAP1_00102-1.png,9881,56485,23,23012,9904,66366,0.14883489734745214,0.25910580831257374
F_FAP1_00102-2.png,225,65696,78,23402,303,65921,0.0034091425627661024,0.006795119594104856
F_FAP1_00102-3.png,14125,51908,5,23363,14130,66033,0.21389200157485083,0.3524069707970011
F_FAP1_00103-1.png,191,74480,99,14631,290,74671,0.00255450046810218,0.005095983244620536
F_FAP1_00103-2.png,5475,69355,70,14501,5545,74830,0.07309746328437917,0.13623639191290823
F_FAP1_00103-3.png,3739,70243,538,14881,4277,73982,0.05017444981213097,0.09555450491317292
F_FAP1_00104-1.png,86,83536,0,5779,86,83622,0.0010284374925258904,0.0020547617909877193
F_FAP1_00104-2.png,5161,77937,51,6252,5212,83098,0.06206929728559574,0.11688370512965689
F_FAP1_00104-3.png,20014,63504,1744,4139,21758,83518,0.2347352865285825,0.3802196132071887
F_FAP1_00105-1.png,15323,54924,74,19080,15397,70247,0.21790076932921887,0.3578300873382841
F_FAP1_00105-2.png,15082,60635,227,13457,15309,75717,0.19859370062151058,0.33137784808735965
F_FAP1_00105-3.png,29625,47314,92,12370,29717,76939,0.3845854266464151,0.555524302430243
F_FAP1_00106-1.png,9487,54260,3470,22184,12957,63747,0.1411398902063466,0.24736649979140593
F_FAP1_00106-2.png,4103,78004,30,7264,4133,82107,0.04995312709254051,0.0951530612244898
F_FAP1_00106-3.png,19862,58530,190,10819,20052,78392,0.2527550838614441,0.4035187517776604
F_FAP1_00107-1.png,13918,71977,0,3506,13918,85895,0.16203504278479539,0.27888150842074677
F_FAP1_00107-2.png,9461,76371,0,3569,9461,85832,0.11022695498182496,0.19856652639753183
F_FAP1_00107-3.png,22711,62958,5,3727,22716,85669,0.26508625720755424,0.41908013101443925
F_FAP1_00108-1.png,2300,69827,1,17273,2301,72127,0.03188775510204082,0.06180469715698393
F_FAP1_00108-2.png,6802,66320,30,16249,6832,73122,0.0929844706911636,0.17014783500512795
F_FAP1_00108-3.png,40232,34658,128,14383,40360,74890,0.5362979551574288,0.6981691973969631
F_FAP1_00109-1.png,642,63570,123,25066,765,64212,0.009979016087666123,0.01976083845052865
F_FAP1_00109-2.png,18981,25605,414,44401,19395,44586,0.4218,0.5933323955549303
F_FAP1_00109-3.png,38330,34147,16802,122,55132,72477,0.42932828548706864,0.6007413270223887
F_FAP1_00110-1.png,469,60657,45,28230,514,61126,0.007667031763417305,0.015217391304347827
F_FAP1_00110-2.png,478,46798,2585,39540,3063,47276,0.009586650889472734,0.01899123939688909
F_FAP1_00110-3.png,21757,45187,58,22399,21815,66944,0.32472165009999704,0.4902488761703039
F_FAP1_00111-1.png,48637,29593,11053,118,59690,78230,0.544750960429197,0.7052929234338747
F_FAP1_00111-2.png,22914,51165,14003,1319,36917,74079,0.2601439567675575,0.4128797434141771
F_FAP1_00111-3.png,21614,52574,1833,13380,23447,74188,0.28431617579353075,0.44275106263122854
F_FAP1_00112-1.png,8682,65221,67,15431,8749,73903,0.11737190753007976,0.21008566035909595
F_FAP1_00112-2.png,9743,66257,180,13221,9923,76000,0.12789446048831715,0.22678444653934338
F_FAP1_00112-3.png,25963,48650,1402,13386,27365,74613,0.34155100966914426,0.5091882562905725
F_FAP1_00113-1.png,2343,82197,0,4861,2343,84540,0.027714691270404542,0.053934601705742206
F_FAP1_00113-2.png,13318,72119,453,3511,13771,85437,0.15505879613459075,0.2684864123860979
F_FAP1_00113-3.png,33881,52660,2554,306,36435,86541,0.3802794769627925,0.5510180848295603
F_FAP1_00114-1.png,626,55231,2933,30611,3559,55857,0.010648069399557748,0.021071765181096002
F_FAP1_00114-2.png,13469,73680,1,2251,13470,87149,0.15454962707974756,0.26772279589341974
F_FAP1_00114-3.png,15289,68543,1168,4401,16457,83832,0.17987058823529412,0.30489884234562115
F_FAP1_00115-1.png,3287,70564,0,15550,3287,73851,0.044508537460562485,0.08522388446679977
F_FAP1_00115-2.png,4402,69596,1,15402,4403,73998,0.05948729036878877,0.11229448603971888
F_FAP1_00115-3.png,11007,60564,85,17745,11092,71571,0.15360890923300213,0.2663101992427083
F_FAP1_00116-1.png,4528,69038,4,15831,4532,73566,0.061546826151964114,0.1159568746958949
F_FAP1_00116-2.png,12384,64151,11,12855,12395,76535,0.16178507041517518,0.27851118857528395
F_FAP1_00116-3.png,15247,57483,754,15917,16001,72730,0.2074873441837679,0.34366794017874247
F_FAP1_00117-1.png,418,68360,0,20623,418,68778,0.006077524789903748,0.012081623215214752
F_FAP1_00117-2.png,5830,63590,50,19931,5880,69420,0.08392111702893336,0.1548472775564409
F_FAP1_00117-3.png,21353,45585,3866,18597,25219,66938,0.301579006835772,0.46340484173746976
F_FAP1_00118-1.png,433,72382,1,16585,434,72815,0.005946495275763569,0.01182268699913992
F_FAP1_00118-2.png,2956,67320,113,19012,3069,70276,0.04199519811334158,0.08060535823846206
F_FAP1_00118-3.png,28494,45165,11975,3767,40469,73659,0.33274166802905386,0.4993340810318239
F_FAP1_00119-1.png,10061,65396,1453,12491,11514,75457,0.1308152385905604,0.2313644778144439
F_FAP1_00119-2.png,14004,71942,2059,1396,16063,85946,0.1591273223112323,0.2745640090580243
F_FAP1_00119-3.png,4340,72089,1806,11166,6146,76429,0.055473892758995336,0.10511656070239177
F_FAP1_00120-1.png,2267,69306,0,17828,2267,71573,0.03167395526245931,0.06140303358613218
F_FAP1_00120-2.png,12971,58512,416,17502,13387,71483,0.18040584709105828,0.30566749145752325
F_FAP1_00120-3.png,3703,65763,386,19549,4089,69466,0.05301208268911413,0.1006865610767453
F_FAP1_00121-1.png,18919,53302,29,17151,18948,72221,0.26185467128027684,0.41503142515548047
F_FAP1_00121-2.png,16596,59168,186,13451,16782,75764,0.21851217906517445,0.35865407473040434
F_FAP1_00121-3.png,7256,62015,2013,18117,9269,69271,0.10179002300656528,0.18477209065444358
F_FAP1_00122-1.png,5460,75058,0,8883,5460,80518,0.06781092426538166,0.12700923492056107
F_FAP1_00122-2.png,19524,59824,0,10053,19524,79348,0.2460553511115592,0.3949348652803625
F_FAP1_00122-3.png,53961,25778,33,9629,53994,79739,0.6764403550117836,0.8069960294018679
F_FAP1_00123-1.png,1437,82927,0,5037,1437,84364,0.017033331752880375,0.03349611309891493
F_FAP1_00123-2.png,11247,66986,239,10929,11486,78233,0.14332500764603937,0.2507161247896209
F_FAP1_00123-3.png,7001,76215,1163,5022,8164,83216,0.08297088138043826,0.1532282775224338
F_FAP1_00124-1.png,3103,80446,114,5738,3217,83549,0.03708927482877736,0.07152571283682549
F_FAP1_00124-2.png,10398,72775,61,6167,10459,83173,0.12492491049330802,0.22210355434039644
F_FAP1_00124-3.png,19734,64393,97,5177,19831,84127,0.2343037613981763,0.3796533215336963
F_FAP1_00125-1.png,6706,63545,10,19140,6716,70251,0.09544412974480865,0.17425649953876338
F_FAP1_00125-2.png,12739,24376,625,51661,13364,37115,0.3375463698993111,0.5047247370193546
F_FAP1_00125-3.png,15984,55907,287,17223,16271,71891,0.22145252015849706,0.3626052040561693
F_FAP1_00126-1.png,2226,73052,3187,10936,5413,75278,0.028369336646912637,0.055173439417035355
F_FAP1_00126-2.png,68,73324,5,16004,73,73392,0.0009264683842663869,0.0018512216701830804
F_FAP1_00126-3.png,42034,46299,346,722,42380,88333,0.47400173660054806,0.6431494954595182
F_FAP1_00127-1.png,1380,69956,9,18056,1389,71336,0.01934263087812741,0.03795118597456171
F_FAP1_00127-2.png,3393,63166,120,22722,3513,66559,0.05088558616655919,0.0968432469459984
F_FAP1_00127-3.png,36941,42649,278,9533,37219,79590,0.4625256673511294,0.6325026325026325
F_FAP1_00128-1.png,5070,65530,269,18532,5339,70600,0.07154044786860263,0.1335282266029313
F_FAP1_00128-2.png,21381,43357,198,24465,21579,64738,0.3292626586177159,0.49540646686052575
F_FAP1_00128-3.png,30546,53162,562,5131,31108,83708,0.36247775008899963,0.5320861204013378
F_FAP1_00129-1.png,942,61421,1522,25516,2464,62363,0.014745245362761212,0.02906196492202323
F_FAP1_00129-3.png,12848,55117,2890,18546,15738,67965,0.18132806435678497,0.3069901915104596
F_FAP1_00130-1.png,0,981,3819,84601,3819,981,0.0,0.0
F_FAP1_00130-2.png,4841,52286,12,32262,4853,57127,0.08472321881727017,0.15621168118747983
F_FAP1_00130-3.png,37633,39699,4402,7667,42035,77332,0.4604326228986713,0.6305427798302713
F_FAP1_00131-1.png,5386,67392,150,16473,5536,72778,0.07385366388767003,0.1375488418418163
F_FAP1_00131-2.png,11,601,12015,76774,12026,612,0.0008711491248911063,0.001740781769267289
F_FAP1_00131-3.png,15812,49676,7257,16656,23069,65488,0.21736201800811053,0.35710333457547117
F_FAP1_00132-1.png,8262,60379,198,20562,8460,68641,0.12001917517686195,0.2143162864294886
F_FAP1_00132-3.png,32530,41595,1870,13406,34400,74125,0.4280544772682413,0.5994932043307993
F_FAP1_00133-1.png,1552,77988,2,9859,1554,79540,0.019511704508310076,0.03827656793350926
F_FAP1_00133-2.png,7469,71457,111,10364,7580,78926,0.0945000442830573,0.17268166369962776
F_FAP1_00133-3.png,42071,36995,396,9939,42467,79066,0.5294480380559261,0.6923387063595896
F_FAP1_00134-1.png,15,7457,7258,74671,7273,7472,0.0010183299389002036,0.002034587995930824
F_FAP1_00134-2.png,0,1290,340,87771,340,1290,0.0,0.0
F_FAP1_00134-3.png,15906,49778,371,23346,16277,65684,0.2407993338884263,0.3881358206952087
F_FAP1_00135-1.png,16,86732,5,2648,21,86748,0.00018443166230562631,0.0003687953070797174
F_FAP1_00135-2.png,15694,63988,62,9657,15756,79682,0.19680477528089887,0.32888367317001616
F_FAP1_00135-3.png,62318,21313,5675,95,67993,83631,0.6978030591449622,0.8220070701208252
F_FAP1_00136-1.png,329,82451,1950,4671,2279,82780,0.003882922223533577,0.007735806910497419
F_FAP1_00136-2.png,4852,68731,0,15818,4852,73583,0.06593914355217917,0.1237202779371454
F_FAP1_00136-3.png,43892,34823,2718,7968,46610,78715,0.5389952476268834,0.7004508278475963
F_FAP1_00137-1.png,2321,71175,146,15759,2467,73496,0.031517340647999784,0.06110869765543751
F_FAP1_00137-2.png,3458,65585,333,20025,3791,69043,0.049844326568265686,0.09495565257983908
F_FAP1_00137-3.png,32062,38773,7485,11081,39547,70835,0.4093718079673136,0.5809280498632023
F_FAP1_00138-1.png,2341,83805,0,3255,2341,86146,0.02717479627608943,0.052911727146360485
F_FAP1_00138-2.png,3063,79534,19,6785,3082,82597,0.03707514282947613,0.07149943393363602
F_FAP1_00138-3.png,25320,42830,15151,6100,40471,68150,0.30395793567904345,0.4662081917861187
F_FAP1_00139-1.png,8286,64121,0,16994,8286,72407,0.1144364495145497,0.20537097393825982
F_FAP1_00139-2.png,493,79966,0,8942,493,80459,0.006127344361724605,0.01218005731791679
F_FAP1_00139-3.png,18746,68119,124,2412,18870,86865,0.2154985113060272,0.35458457464415755
F_FAP1_00140-1.png,3292,83134,0,2975,3292,86426,0.03809038946613288,0.07338549677879579
F_FAP1_00140-2.png,7117,50821,7410,24053,14527,57938,0.10890922445981514,0.19642586076036708
F_FAP1_00140-3.png,20308,36871,9550,22672,29858,57179,0.3043354463576556,0.46665211346898444
F_FAP1_00141-1.png,3187,81929,0,4285,3187,85116,0.03744301893885991,0.07218327803132396
F_FAP1_00141-2.png,4445,73601,34,11321,4479,78046,0.05692879098360656,0.10772493183883672
F_FAP1_00141-3.png,17398,26152,15501,30350,32899,43550,0.2946266786337234,0.4551531086083533
F_FAP1_00142-1.png,61,2007,5244,82089,5305,2068,0.008342450765864333,0.0165468601654686
F_FAP1_00142-2.png,0,200,2,89199,2,200,0.0,0.0
F_FAP1_00142-3.png,2288,465,67348,19300,69636,2753,0.032638621417668795,0.06321402423020073
F_FAP1_00143-1.png,12635,76377,0,389,12635,89012,0.14194715319282794,0.24860546794297914
F_FAP1_00143-2.png,2541,77724,26,9110,2567,80265,0.03164738264562653,0.06135310025111068
F_FAP1_00143-3.png,7002,41057,35350,5992,42352,48059,0.08394777541991871,0.15489265686697415
F_FAP1_00144-1.png,917,54281,614,33589,1531,55198,0.016430158388876945,0.03232914382414638
F_FAP1_00144-2.png,2952,51891,1,34557,2953,54843,0.05382539566771206,0.1021523980898332
F_FAP1_00144-3.png,39324,14881,27189,8007,66513,54205,0.4831314347494901,0.6515018472804387
F_FAP1_00145-1.png,591,75305,1,13504,592,75896,0.00778686904620736,0.015453404455600879
F_FAP1_00145-2.png,6340,62976,0,20085,6340,69316,0.09146517398580414,0.16760071904409432
F_FAP1_00145-3.png,11418,59788,7440,10755,18858,71206,0.14518220888538513,0.253553028957186
F_FAP1_00146-1.png,4901,60354,1853,22293,6754,65255,0.07303153126303868,0.13612187365468206
F_FAP1_00146-2.png,1761,59143,2,28495,1763,60904,0.028913407546054575,0.05620182871367706
F_FAP1_00146-3.png,36168,36189,103,16941,36271,72357,0.49914435550648634,0.6659056596825864
F_FAP1_00147-1.png,7265,62105,585,19446,7850,69370,0.10385247659209491,0.18816368816368817
F_FAP1_00147-2.png,2158,67471,6,19766,2164,69629,0.0309901629927479,0.06011728162912819
F_FAP1_00147-3.png,25517,48637,7291,7956,32808,74154,0.3133034563202161,0.4771227164787495
F_FAP1_00148-1.png,5417,71296,7,12681,5424,76713,0.07060740354535976,0.13190157906911623
F_FAP1_00148-2.png,33583,42152,301,13365,33884,75735,0.4416723657215003,0.6127222470557111
F_FAP1_00148-3.png,13430,63131,619,12221,14049,76561,0.17400881057268722,0.2964352720450281
F_FAP1_00149-1.png,20262,54447,564,14128,20826,74709,0.26918018412976763,0.4241796200345423
F_FAP1_00149-2.png,1712,70213,69,17407,1781,71925,0.023779759424396477,0.0464548340704963
F_FAP1_00149-3.png,39434,45502,196,4269,39630,84936,0.4632100737677959,0.6331422699613056
F_FAP1_00150-1.png,7171,418,40849,40963,48020,7589,0.14804492340724223,0.2579078926073118
F_FAP1_00150-2.png,141,65264,12,23984,153,65405,0.0021554030297934786,0.004301534519051832
F_FAP1_00150-3.png,18727,49737,19966,971,38693,68464,0.2117720230690942,0.3495245294287821
F_FAP1_00151-1.png,10083,70913,31,8374,10114,80996,0.12444000148098781,0.22133684557128747
F_FAP1_00151-2.png,10397,77517,2,1485,10399,87914,0.11826061240274807,0.2115081423616409
F_FAP1_00151-3.png,10526,35814,4119,38942,14645,46340,0.20860500604451138,0.34519963925555464
F_FAP1_00152-1.png,4445,82838,91,2027,4536,87283,0.050873257490786736,0.09682091941754975
F_FAP1_00152-2.png,4374,48193,3612,33222,7986,52567,0.07785827444418733,0.1444684821561277
F_FAP1_00152-3.png,42483,44125,2589,204,45072,86608,0.4762828346244829,0.6452460510328069
F_FAP1_00153-1.png,10310,76244,76,2771,10386,86554,0.1190118896456193,0.21270889209820507
F_FAP1_00153-2.png,6495,77431,6,5469,6501,83926,0.07738407282085498,0.14365178541807203
F_FAP1_00153-3.png,15864,63052,1424,9061,17288,78916,0.19746079163554892,0.3297991767494075
F_FAP1_00154-1.png,221,72080,529,16571,750,72301,0.0030344638198544554,0.006050567411808189
F_FAP1_00154-2.png,3556,73673,3426,8746,6982,77229,0.04408902113942099,0.0844545249432972
F_FAP1_00154-3.png,24106,47788,9657,7850,33763,71894,0.2955941680666086,0.456306728375782
F_FAP1_00155-1.png,9304,57640,244,22213,9548,66944,0.13847710900756088,0.24326726977984625
F_FAP1_00155-2.png,17361,60225,6254,5561,23615,77586,0.2070729961832061,0.34309937648837463
F_FAP1_00155-3.png,12523,56825,2579,17474,15102,69348,0.17410708079024567,0.2965778567199526
F_FAP1_00156-1.png,11748,53697,31,23925,11779,65445,0.1794245219622457,0.3042577437066197
F_FAP1_00156-2.png,30372,32723,3128,23178,33500,63095,0.4586321972728508,0.6288524250737616
F_FAP1_00156-3.png,42505,22017,1200,23679,43705,64522,0.6467392958217948,0.7854786698328513
F_FAP1_00157-1.png,515,67598,3,21285,518,68113,0.0075606318632920316,0.015007795311156766
F_FAP1_00157-2.png,1358,70830,505,16708,1863,72188,0.01868130356430468,0.036677425017893076
F_FAP1_00157-3.png,27578,45157,7057,9609,34635,72735,0.34562362141568076,0.5137002887212443
F_FAP1_00158-1.png,5955,59521,0,23925,5955,65476,0.09094935548903416,0.16673433103274488
F_FAP1_00158-2.png,6368,55522,5554,21957,11922,61890,0.09441907360180297,0.17254646940876822
F_FAP1_00158-3.png,25073,39188,1092,24048,26165,64261,0.38365492020259206,0.5545528940791365
F_FAP1_00159-1.png,474,81794,69,7064,543,82268,0.005756828643258802,0.011447754525364989
F_FAP1_00159-2.png,8743,43890,33281,3487,42024,52633,0.10176455525292735,0.1847301308936476
F_FAP1_00159-3.png,48796,26251,11043,3311,59839,75047,0.5668021837611802,0.7235146716486515
F_FAP1_00160-1.png,5088,72940,30,11343,5118,78028,0.06518230034077224,0.1223871262598321
F_FAP1_00160-2.png,9065,71818,407,8111,9472,80883,0.11151433140607701,0.2006529799125671
F_FAP1_00160-3.png,50799,28300,226,10076,51025,79099,0.6403907973526631,0.7807783345116965
F_FAP1_00161-1.png,3326,79699,0,6376,3326,83025,0.040060222824450466,0.07703442924806893
F_FAP1_00161-2.png,914,82116,0,6371,914,83030,0.011008069372515958,0.021776422376822643
F_FAP1_00161-3.png,24974,57963,0,6464,24974,82937,0.30112012732556037,0.46286291480942626
F_FAP1_00162-1.png,3023,70967,0,15411,3023,73990,0.04085687255034464,0.07850622622154702
F_FAP1_00162-2.png,1423,74184,9,13785,1432,75607,0.018818768514600084,0.03694232791183686
F_FAP1_00162-3.png,25044,53296,4482,6579,29526,78340,0.30238342469392193,0.4643539206051953
F_FAP1_00163-1.png,4707,77302,2,7390,4709,82009,0.05739473973003621,0.10855877672455545
F_FAP1_00163-2.png,8583,72018,0,8800,8583,80601,0.10648751256187888,0.19247847147470398
F_FAP1_00163-3.png,10098,67538,123,11642,10221,77636,0.1298627811571651,0.22987354450982847
F_FAP1_00164-1.png,2313,70939,77,16072,2390,73252,0.03154277298203985,0.06115650035694455
F_FAP1_00164-2.png,3263,69907,84,16147,3347,73170,0.044543642667977175,0.08528823660101677
F_FAP1_00164-3.png,13730,52485,890,22296,14620,66215,0.20460472394009388,0.3397043359930723
F_FAP1_00165-1.png,10879,63763,2078,12681,12957,74642,0.14180135557872783,0.24838183084281784
F_FAP1_00165-2.png,923,615,3639,84224,4562,1538,0.17828858412207843,0.3026229508196721
F_FAP1_00165-3.png,15205,46631,3690,23875,18895,61836,0.23204529499740562,0.37668305855247675
F_FAP1_00166-1.png,5482,78992,151,4776,5633,84474,0.06477991137370753,0.12167756112177744
F_FAP1_00166-2.png,512,65287,464,23138,976,65799,0.0077267856873368245,0.01533508049419693